{"cameraMode":{"drawMode":0,"name":"Shaded","section":"Shading Mode"},"sceneLighting":true,"audioPlay":false,"sceneViewState":{"m_AlwaysRefresh":false,"showFog":true,"showSkybox":true,"showFlares":true,"showImageEffects":true,"showParticleSystems":true,"showVisualEffectGraphs":true,"m_FxEnabled":true},"in2DMode":false,"pivot":{"x":3.360241413116455,"y":3.4707436561584474,"z":4.680487632751465},"rotation":{"x":0.029126547276973726,"y":0.5481463670730591,"z":-0.019055182114243509,"w":0.8357357978820801},"size":3.382131814956665,"orthographic":false}