{"cameraMode":{"drawMode":0,"name":"Shaded","section":"Shading Mode"},"sceneLighting":false,"audioPlay":false,"sceneViewState":{"m_AlwaysRefresh":false,"showFog":true,"showSkybox":false,"showFlares":true,"showImageEffects":true,"showParticleSystems":true,"showVisualEffectGraphs":true,"m_FxEnabled":true},"in2DMode":false,"pivot":{"x":2.9229202270507814,"y":0.8683307766914368,"z":5.445734024047852},"rotation":{"x":0.003756675636395812,"y":-0.9910990595817566,"z":0.13039204478263856,"w":0.028864506632089616},"size":0.6821321845054627,"orthographic":false}