{"cameraMode":{"drawMode":0,"name":"Shaded","section":"Shading Mode"},"sceneLighting":false,"audioPlay":false,"sceneViewState":{"showFog":true,"showMaterialUpdate":false,"showSkybox":false,"showFlares":true,"showImageEffects":true,"showParticleSystems":true},"in2DMode":false,"pivot":{"x":-0.38999393582344057,"y":0.7347633838653565,"z":-1.1650049686431885},"rotation":{"x":0.002269429387524724,"y":0.9829607009887695,"z":-0.18375860154628755,"w":0.012084984220564366},"size":2.768813371658325,"orthographic":false}